{
  "Curve1": {
    "distance": [0.474369793409068, 0.369270598740379, 0.285677049422848, 0.251270012981176, 0.587746296063217, 0.665079921467197, 0.72647650929168, 0.911574678100955, 1.12278162761799, 1.33633180323091, 1.66105953300292, 1.91969133965531, 2.25711885282068, 2.86489578832222, 3.02551830179608, 4.03968854915722, 4.2991842734214, 5.01766962586402, 6.00904795492507, 6.96052960882383],

    "overpressure": [0.010129409164638, 0.010273367705791, 0.010295146880626, 0.010306053776085, 0.010090700852915, 0.009547760940048, 0.009108368160378, 0.007243691823789, 0.00592171545663, 0.004938247126947, 0.003984594360845, 0.003513732926858, 0.002936099657316, 0.002349373917174, 0.002241470110738, 0.001653827915674, 0.001560825926555, 0.001334091051932, 0.001120765532792, 0.000987620089792]
  },
  "Curve2": {
    "distance": [0.268401630831166, 0.333172096077806, 0.412541486466096, 0.509052352454213, 0.575853898653058, 0.634562297886136, 0.708134261169443, 0.78714664994063, 0.843263745395618, 0.897104882901838, 1.00623290099692, 1.06421416562244, 1.25009881888903, 1.391865900503, 1.48486384559981, 1.60751001710395, 1.81709704797712, 1.97640572790134, 2.31251400938381, 2.69690460924657, 3.31800049901188, 3.91733671528166, 4.57907069732917, 4.92679834832371, 5.80257594156777, 6.13786132443831, 6.84839142789035, 8.28549817895376, 8.94580313123392, 10.1954483141447, 12.3324033731336],

    "overpressure": [0.020019182902347, 0.020064525837552, 0.019985522178331, 0.020045642580333, 0.020043038576146, 0.019732878259064, 0.018649819143552, 0.017348401172862, 0.01590902453746, 0.015117082997865, 0.013684310777278, 0.012731548565132, 0.010709787539382, 0.009688301657043, 0.009093141046204, 0.008225747869192, 0.007382721492895, 0.006861093913964, 0.005917118910062, 0.004956418552482, 0.004032529998679, 0.003471185682791, 0.002924792163824, 0.002711069838038, 0.002340550526476, 0.002228425687249, 0.001969511733795, 0.001617248132769, 0.001509516436322, 0.00131509826504, 0.001077383385835]
  },
  "Curve3": {
    "distance": [0.264746934350172, 0.328640201806216, 0.366146918027753, 0.454487909230997, 0.564084745558573, 0.62826606787378, 0.788430966740965, 0.931478492117814, 1.00756759886378, 1.07523357625857, 1.19006048024987, 1.42697514430259, 1.5229447670492, 1.66844944093676, 1.79510740087584, 2.0681005086426, 2.21453258142921, 2.5635907794956, 3.07601342243971, 3.62091729565656, 4.03182092951832, 4.39252036377699, 5.26762930805295, 5.76450812887648, 6.470662771852, 6.83846272122646, 7.73775564687415, 8.51950713679585, 9.55136604242563, 10.3643779806589, 11.4723959826564, 12.2844308746374, 14.361142812015, 16.5196024277419, 17.8499983981506, 19.7755117688994, 21.3959711691582, 25.4225692908909, 30.6041995953388, 34.0762956738083],

    "overpressure": [0.04953432301153, 0.049756081528669, 0.049689391656716, 0.049513885021372, 0.048566688578983, 0.046248815493517, 0.039648973274697, 0.033288686151526, 0.031271960948799, 0.028957679949678, 0.026557839376696, 0.021610768240663, 0.020288253300184, 0.018927460388991, 0.017482565038787, 0.015232833030466, 0.014402977061331, 0.012339157464997, 0.010302548599635, 0.008723232001577, 0.007818691094378, 0.007188484593654, 0.006085101002727, 0.005582235151126, 0.004947013353873, 0.004718558317457, 0.004161449728228, 0.003795247385862, 0.003385508636676, 0.0031437015493, 0.00282328880503, 0.002660571807581, 0.002279492111543, 0.001989293916628, 0.001864063142093, 0.001668640783851, 0.001549974132396, 0.001301003405977, 0.001086148032196, 0.00098888743187]
  },
  "Curve4": {
    "distance": [0.282085479919458, 0.253110972022059, 0.350160792303255, 0.470055226063973, 0.544800660634127, 0.693212001466935, 0.7982507965759, 0.851058964117145, 0.96788905509914, 1.09103324148168, 1.39258043286981, 1.61204631977891, 1.95011101307004, 2.42411373504322, 2.86760511547987, 3.43237765183119, 4.09798827906022, 5.03202171788343, 6.60438807107644, 7.27666503325647, 8.10606077407393, 8.86884738820518, 10.6257457020479, 12.8527567812295, 15.8260998705013, 17.6823445702343, 19.3478106344026, 22.9703880433358, 24.8572039967679, 27.7204841929875, 34.22163807782, 37.2517481710568, 40.5971330331646, 45.8660166118329, 50.1449422142191, 56.8990620441004, 61.7674261144637],

    "overpressure": [0.09813379102376, 0.099212089506259, 0.098470572218377, 0.098706661169729, 0.096719969660353, 0.085740808546551, 0.080673278239942, 0.074652166206445, 0.067614867086304, 0.059860173458988, 0.046878898331238, 0.040029237674839, 0.033262441007152, 0.026919366606548, 0.022669168162887, 0.01894736986359, 0.015652574815145, 0.01279143465611, 0.009861792890463, 0.008870987230839, 0.007918038597119, 0.007098582131013, 0.005918891704983, 0.004903037252235, 0.004064619164919, 0.003662662011725, 0.003322663591621, 0.002793517821474, 0.002596072899249, 0.002335547677985, 0.00189247568738, 0.001748775322365, 0.00159874360164, 0.00141705185605, 0.001285386283397, 0.001140403381028, 0.001040651013349]
  },
  "Curve5": {
    "distance": [0.307643180991663, 0.276984033731588, 0.253632813304344, 0.344917168569418, 0.42815745937404, 0.478582929846582, 0.531455141721012, 0.591893266741108, 0.701407811396986, 0.742535458790705, 0.817083821340348, 0.846769502674033, 0.901981732673033, 1.06807786074986, 1.23017092748665, 1.56531800259662, 2.29943998106689, 2.73446347480808, 3.19660984359658, 3.96977746344063, 4.92099585414291, 5.22734283044572, 5.66806276827514, 6.31042298955775, 6.99735233178565, 8.0512899900996, 9.25235277516959, 10.0418684170213, 10.5203064944508, 12.2784706728435, 13.1870968805667, 14.4625722858426, 16.4374303095423, 18.7336394468468, 20.6783463660472, 22.7986554631619, 25.382900975714, 28.8154743167377, 31.7299890082479, 34.6894892260978, 38.6519441733544, 41.099098030486, 47.9734500699044, 58.6704098082192, 77.822396887454, 88.8646662824337, 98.4004265868842],

    "overpressure": [0.198451636117055, 0.199214954282576, 0.199359770187556, 0.197467707194296, 0.198278880549624, 0.197777957089379, 0.197311420329632, 0.186418402857337, 0.163945725493281, 0.155099380419251, 0.141142715086149, 0.134014978337985, 0.124826957684895, 0.106689058135823, 0.093152224491206, 0.07357162997084, 0.049898492164526, 0.041986690140068, 0.035765595111858, 0.029597950162468, 0.02369099669563, 0.022140895906755, 0.020437266099762, 0.018299195496119, 0.016554973607644, 0.014589683457717, 0.012556212009507, 0.011639223749417, 0.010951023987024, 0.009516958488399, 0.008736558693051, 0.008040869314598, 0.006943662238317, 0.006153593236652, 0.005632756385289, 0.005108979402368, 0.004587687523668, 0.004002970153681, 0.00366603978602, 0.0033542953077, 0.003026010724158, 0.002807138655569, 0.002422433759093, 0.001985705576009, 0.001505735011129, 0.001315478096645, 0.001198366960405]
  },
  "Curve6": {
    "distance": [0.332370372617738, 0.294913403055773, 0.261688568059955, 0.372204772561513, 0.455131366417233, 0.556487648109017, 0.706236962542977, 0.91862718131925, 1.1651013405184, 1.44050733105593, 1.6523366490217, 1.96789544173836, 2.28585810414356, 2.6721736414101, 3.18289462407141, 3.53921676857294, 4.11140706895261, 4.60052582688253, 5.47934934950311, 6.48566456067345, 7.48727422134268, 8.53691475789355, 9.55291631891146, 10.7564020633262, 12.8116946319739, 15.8440626589339, 18.1769808025056, 22.0598968242004, 27.4488028322513, 31.4930463350751, 37.0462402683871, 40.9369028532663, 45.2436839582298, 53.219328849452, 60.302114342454, 64.5825300147818, 73.6363511321246, 79.3708384420408, 86.6207075525039, 98.1406220068251],